No,text,created,Kelas,kelasF
1,"Dapatkan GRATIS 3pcs One-Handed Cheeseburger setiap pembelian Western Beefbac Cheeseburger, Hawaiian Teriyaki, dan… https://t.co/OFwTsq14c6",4/1/2021 10:00:00,netral,0
2,RT @CocaCola_ID: Bikin momen makan #BersamaBerasaLebih spesial di COCA-COLA Feastival! Semakin banyak pesan makanan lewat COCA-COLA Feastiv…,4/1/2021 9:57:36,positif,1
3,"Tanggal 1 April ini kita punya banyak kesegaran buat kamu! Teh Poci, Es Jelly &amp; Es Jelly Susu, tinggal pilih mana y… https://t.co/iCbOUukpHN",4/1/2021 9:57:04,positif,1
4,"I rasa selagi i ganti puasa and selagi grabfood punya promo tak habis, selagi tu i tak masak ð",4/1/2021 9:56:58,positif,1
5,adik Grabfood / Foodpanda. comel nau. https://t.co/0dZ9w1HOqG,4/1/2021 9:55:40,negatif,-1
6,"Gabut bermanfaat, gua kalo gabut buka grabfood, lari ke makanan.. https://t.co/c3nKMUKAo5",4/1/2021 9:47:48,positif,1
7,"@strawberyblood @anjasmara_ferry Grabfood ...

Sekalian kirim ke sini satu yg spesial",4/1/2021 9:47:32,netral,0
8,"RT @Popsters_Ofcl: Make your cravings more sulit. I-grab na yan using our Promo Code ""TRYGRABFOOD"" for Free Delivery + P20 off! 

Note : Va…",4/1/2021 9:41:22,netral,0
9,"Yeay! Promo GRATIS Mie Saus Gochujang diperpanjang!!

Yang kemarin belum sempat nyobain karena kantong kering, seka… https://t.co/0vgDdCmUMS",4/1/2021 9:41:09,netral,0
10,"RT @katexblythe: Prank Idea: 
Step 1: Order grabfood or foodpanda
Step 2: Pay for your order
Step 3: When they get to your house, tell them…",4/1/2021 9:40:07,positif,1
11,Dosa bgt abis work out grabfood cheeseburger :),4/1/2021 9:38:48,positif,1
12,"RT @PapaAis_: Lunch time? 
Nasi Krawu Gresik, Otak-Otak Bandeng Sambal Terasi, Panada? Tahu Petis? 
Grabfood https://t.co/6GtXHB6UAG
Kulina…",4/1/2021 9:38:26,positif,1
13,"@Faoji0 Jangan khawatir kak, #bisalah pake promo Grabfood untuk antisipasi sampe akhir bulan, bakal tetap kaya tiap hari  ð¥°ð¤  ",4/1/2021 9:35:16,positif,1
14,Diskon grabfood penyelamat di kala hujan,4/1/2021 9:34:36,positif,1
15,"1 jam scroll grabfood, bolak balik pilih makanan dan masih belum pesen. Siapa? Gue.",4/1/2021 9:34:05,positif,1
16,"RT @Popsters_Ofcl: Make your cravings more sulit. I-grab na yan using our Promo Code ""TRYGRABFOOD"" for Free Delivery + P20 off! 

Note : Va…",4/1/2021 9:32:01,netral,0
17,"""Udah tau, dari kecil kamu mainnya ke Braga terus. Bawa apa ya? Nggak ah aku mau makan richeese aja hari ini, nanti… https://t.co/8bR6qCSPGM",4/1/2021 9:31:48,netral,0
18,"RT @justvhic01: Naol may Grab. Use the code below for free delivery + P20 off. 

Note : Valid for new GrabFood users only. 

UseCode TRYGRA…",4/1/2021 9:31:39,netral,0
19,@greenteasbx yauda grabfood in ke aku aja,4/1/2021 9:31:30,positif,1
20,"yang pertama kang grabfood salah alamat dah seneng kirain dpt kejutan haha pd bgt, yang kedua mas"" potografer ngasi… https://t.co/YNcLFla5NG",4/1/2021 9:30:18,netral,0
21,Scrolling on grabfood for tonight https://t.co/nqjbyT5t9q,4/1/2021 9:28:11,positif,1
22,Lagi dekat nak buka puasa lagi ligat aku dok scroll grabfood la foodpanda la ð,4/1/2021 9:27:34,positif,1
23,"@gojekindonesia @indaac_ ga ada ka, gmn ni psn nya ? pake grabfood kah ?",4/1/2021 9:27:13,positif,1
24,cinta bgt sama promo grabfood&lt;3 https://t.co/h5LIrokCb5,4/1/2021 9:25:54,positif,1
25,Sisca kohl kalau pesen grabfood udah tau diskon cuma 1 rupiah tapi tetep dipake gak ya https://t.co/eMNmKdQtxJ,4/1/2021 9:23:58,positif,1
26,scroll scroll menu grabfood berujung kenyang duluan,4/1/2021 9:23:14,positif,1
27,"RT @JetVeetlev: Yesus: “Nes, cek grabfood ada diskon 50% gak? Mayan kalau ada buat makan makan tar malem. Pake akun si Pete juga tuh kalau…",4/1/2021 9:22:50,positif,1
28,"Halo, aku ada kepengenan bagi-bagi sedikit buat bukaan temen-temen pas bulan puasa. Niatnya setiap minggu bakal ada… https://t.co/1y1LFBFUCS",4/1/2021 9:19:36,positif,1
29,"RT @grabph: Let’s give thanks to all our Grab riders na tuloy lang sa paghatid ng ating essential needs! Saludo po kami sa inyo, kuyas and…",4/1/2021 9:19:03,positif,1
30,Mau pesen grabfood tp bingung pda jauh,4/1/2021 9:16:59,negatif,-1
31,sambil nonton kingdom ntar enaknya grabfood seblak sambil minum bubble tea milo..,4/1/2021 9:13:21,positif,1
32,@NCTDreamINA bukannya batagor ya? keanya ada di grabfood tadi,4/1/2021 9:11:55,positif,1
33,Bismillah promo di grabfood beli terang hulan keju coklat susu gratis vocer dari astra motor seharga 500 rb loh tuh… https://t.co/y1Q5MmONd2,4/1/2021 9:11:07,positif,1
34,@the_ethlex Nak yg grabfood je ð,4/1/2021 9:08:47,netral,0
35,"RT @PapaAis_: Lunch time? 
Nasi Krawu Gresik, Otak-Otak Bandeng Sambal Terasi, Panada? Tahu Petis? 
Grabfood https://t.co/6GtXHB6UAG
Kulina…",4/1/2021 9:04:37,positif,1
36,Ada juga japgi aku order foodpanda or grabfood beli any drinks hm :'),4/1/2021 9:03:15,positif,1
37,"SIAP-SIAP!! ð£
2-4 April 2021 nanti bakal ada promo heboh di GrabFood &amp; GrabMart pakai Debit BCA Mastercard loh, Goo… https://t.co/busva8P",4/1/2021 9:01:41,positif,1
38,"Slot sore-malam sudah available ya. Stock ga banyak, yuk pesan sekarang ❤️❤️❤️ 

Gofood ✅
Grabfood ✅
Whatsapp ✅",4/1/2021 9:00:42,positif,1
39,Bikin momen makan #BersamaBerasaLebih spesial di COCA-COLA Feastival! Semakin banyak pesan makanan lewat COCA-COLA… https://t.co/7h7PPUTr1C,4/1/2021 9:00:02,positif,1
40,mending grabfood sih biar banyak promo https://t.co/v7scD99vqE,4/1/2021 8:59:14,positif,1
41,"RT @JetVeetlev: Yesus: “Nes, cek grabfood ada diskon 50% gak? Mayan kalau ada buat makan makan tar malem. Pake akun si Pete juga tuh kalau…",4/1/2021 8:56:11,positif,1
42,"Yesus: “Nes, cek grabfood ada diskon 50% gak? Mayan kalau ada buat makan makan tar malem. Pake akun si Pete juga tuh kalau ada.”",4/1/2021 8:53:33,positif,1
43,"@omarfaayiz Selalu order guna GrabFood sebab ada masa nak telek satu persatu nak letak apa ð Kalau dekat kaunter, j… https://t.co/21ggTei",4/1/2021 8:52:53,positif,1
44,"Lugaw Queen nag Sorry na! 
Watch the video here
https://t.co/6sSluqh8ib

#lugaw #lugawisessential #grabfood… https://t.co/U6c9PnNu21",4/1/2021 8:49:19,positif,1
45,"@souzc Hai kak, kita jual cemilan Korea yg udah avail di GoFood dan GrabFood nih! Ada Tteokbokki, Odeng, Tteokkochi… https://t.co/f69hwriQ2X",4/1/2021 8:45:48,positif,1
46,"@RacunBelanja berlaku pembelian grabfood ga sih? mau nanya di ig jco nya komennya dibatasi :""",4/5/2021 23:59:06,positif,1
47,@RacunBelanja @agungsatria45 Ada di grabfood kok,4/5/2021 23:56:57,positif,1
48,@ablolaelvin Order ka nalang sa GrabFood with SulEat Savers para you can enjoy up to 20% off your fave dishes ð Jus… https://t.co/W4VE00w,4/5/2021 23:56:05,positif,1
49,"@journaljeeb Same Here! ð

My fiancée: Yang, bila nak kahwin ni?
Me: Sabarlah, tengah kumpul duit ni..

Also Me: (G… https://t.co/CzAu6xT",4/5/2021 23:55:27,netral,0
50,RT @tilehopper: Ini final boss driver GoFood / GrabFood https://t.co/rzYcMoU4MQ,4/5/2021 23:54:25,netral,0
51,@ziwayeks Order ka nalang sa GrabFood with SulEat Savers para you can enjoy up to 20% off your fave dishes ð Just l… https://t.co/nVmHCrm,4/5/2021 23:53:58,positif,1
52,@agungsatria45 Jco kayanya ngga ada di grabfood/gofood kak,4/5/2021 23:51:55,negatif,-1
53,"RT @DiahRudiyanti: Assalammualaikum, sobat twit semangat Senin Ikhtiar,yakin Allah yg mengirimkan pembeli Mulyarasa bebek grabfood gofood D…",4/5/2021 23:51:47,netral,0
54,"RT @rinmansor: Dulu masa GrabFood belum ada, kita ada dia ni... https://t.co/YJXiTa4EQ6",4/5/2021 23:40:38,netral,0
55,"Bubur gudeg habis tinggal nasi, kalau mau langsung saja ke jl. Kapten hariyadi no 102 ngaglik. Atau lewat aplikasi.… https://t.co/SsEmYEfuXR",4/5/2021 23:36:24,positif,1
56,"RT @Shalalaaluuh: Is it worth the hype? NEW @McDo_PH Taste of Korea K-Burgers! #SaranghaeyoKoTo ✨

Can’t choose between K-Beef or K-Chicken…",4/5/2021 23:24:10,netral,0
57,RT @kookkikkie: กด grabfood มา อยากกินอาหารเกาหลี มาถึงตกใจ ป๊าดด ใหญ่เบิ้มมาก!! กินได้อีกมื้ออ่ะ หมดนี่สามร้อยกว่าบาท คิมบับอันเท่าแขน กิม…,4/5/2021 23:23:15,positif,1
58,@jongsston I am sorry Jojo. Can you DM us your issue that you are facing with GrabFood so that we can assist you closely on this ya ð,4/5/2021 23:22:45,negatif,-1
59,"RT @ohohvin_: Nung nag-GCQ at MGCQ, panay outing galore sa mga resorts, inuman, kain sa labas at rides kahit saan. May pa-delivery pa sa Sh…",4/5/2021 23:20:11,netral,0
60,@jilixism yours send breakfast sa grabfood,4/5/2021 23:08:53,positif,1
61,"@faizrazak_12 Maaf ya bro  ðPada masa ini,  kami membantu para pemandu untuk waktu sukar ini untuk menjana pendapat… https://t.co/WgFvw1j",4/5/2021 23:07:45,netral,0
62,"RT @DiahRudiyanti: Assalammualaikum, sobat twit semangat Senin Ikhtiar,yakin Allah yg mengirimkan pembeli Mulyarasa bebek grabfood gofood D…",4/5/2021 22:49:50,netral,0
63,"RT @DiahRudiyanti: Assalammualaikum, sobat twit semangat Senin Ikhtiar,yakin Allah yg mengirimkan pembeli Mulyarasa bebek grabfood gofood D…",4/5/2021 22:43:24,netral,0
64,"RT @DiahRudiyanti: Assalammualaikum, sobat twit semangat Senin Ikhtiar,yakin Allah yg mengirimkan pembeli Mulyarasa bebek grabfood gofood D…",4/5/2021 22:35:51,netral,0
65,"RT @DiahRudiyanti: Assalammualaikum, sobat twit semangat Senin Ikhtiar,yakin Allah yg mengirimkan pembeli Mulyarasa bebek grabfood gofood D…",4/5/2021 22:33:10,netral,0
66,RT @angelspizza: Get 30% OFF on Double Deal and Creamy Spinach Dip pizza! Available only in GRABFOOD from April 5 to April 11. Check the GR…,4/5/2021 22:27:49,positif,1
67,RT @tilehopper: Ini final boss driver GoFood / GrabFood https://t.co/rzYcMoU4MQ,4/5/2021 22:27:34,netral,0
68,"RT @DiahRudiyanti: Assalammualaikum, sobat twit semangat Senin Ikhtiar,yakin Allah yg mengirimkan pembeli Mulyarasa bebek grabfood gofood D…",4/5/2021 22:24:47,netral,0
69,"RT @DiahRudiyanti: Assalammualaikum, sobat twit semangat Senin Ikhtiar,yakin Allah yg mengirimkan pembeli Mulyarasa bebek grabfood gofood D…",4/5/2021 22:19:31,netral,0
70,RT @angelspizza: Get 30% OFF on Double Deal and Creamy Spinach Dip pizza! Available only in GRABFOOD from April 5 to April 11. Check the GR…,4/5/2021 21:24:16,positif,1
71,@GrabID nungguin pesenan grabfood sembari nntn 1 episode series durasi 55 menit tpi ganyampe” bahkan sampe resto ny… https://t.co/cEtL8YyIFy,4/5/2021 20:19:42,positif,1
72,"SEHAT TIDAK HARUS MAHAL

SUSU KAMBING ETAWA 

Hanya
Rp: 10.000/Botol Isi 200 ml

GrabFood :ANIS AL KATHIRI… https://t.co/WHa37l8HLx",4/5/2021 20:07:58,positif,1
73,"SWH Smoked Beef

#sandwichouse
#sandwich
#coffee
#gofood
#grabfood
#Kuliner
#makanenak
#tebet
#jajan
#kreatif… https://t.co/5yeON8mA2F",4/5/2021 19:54:02,netral,0
74,"Our Set Menu....

#sandwichouse
#sandwich
#coffee
#gofood
#grabfood
#Kuliner
#makanenak
#tebet
#jajan
#kreatif… https://t.co/ErwYuOxgl8",4/5/2021 19:53:05,netral,0
75,"Try our ice coffee matcha....
#qrcode
#sandwichouse
#sandwich
#coffee
#gofood
#grabfood
#Kuliner
#makanenak
#tebet… https://t.co/PKs4LYhBuz",4/5/2021 19:52:24,netral,0
76,"Scan Please.....
#qrcode
#sandwichouse
#sandwich
#coffee
#gofood
#grabfood
#Kuliner
#makanenak
#tebet
#jajan… https://t.co/RfnChNMTKH",4/5/2021 19:51:37,netral,0
77,"RT @DiahRudiyanti: Assalammualaikum, sobat twit semangat Senin Ikhtiar,yakin Allah yg mengirimkan pembeli Mulyarasa bebek grabfood gofood D…",4/5/2021 19:30:44,netral,0
78,"dah tak relevan sebab dah ada grabfood, foodpanda etc https://t.co/fjblOO0hB4",4/5/2021 19:25:04,positif,1
79,"@subtanyarl Pernah pas malem2 berdiri nungguin abang grabfood didepan rumah, terus tiba2 ada bapak2 tua bawa sepeda… https://t.co/C2YwpsIVPp",4/5/2021 19:07:58,positif,1
80,not me looking at grabfood at 3am,4/5/2021 18:59:55,positif,1
81,"Umay nung mga nang ffake booking sa grabfood ampota,  kala madali kumita ng pera ampota",4/5/2021 18:53:37,netral,0
82,"RT @DiahRudiyanti: Assalammualaikum, sobat twit semangat Senin Ikhtiar,yakin Allah yg mengirimkan pembeli Mulyarasa bebek grabfood gofood D…",4/5/2021 18:40:37,netral,0
83,@ANSRMD Sama nih padahal depan komplek ada warung penyetan enak tp malah grabfood ditempat yg sama udah tau harga j… https://t.co/U1MlYjjG50,4/5/2021 18:39:11,positif,1
84,ada yang jam segini lagi overthinking ada juga yang bingung mau grabfood bebek goreng apa ayam geprek ð,4/5/2021 18:31:55,positif,1
85,"RT @PapaAis_: Good morning People
Grab your breakfast now!  @DapurGita_CS is open from 7:00 AM. Order Available at: 
Grabfood https://t.co/…",4/5/2021 17:47:21,positif,1
86,"RT @yascasubekti: Wilayah Jakarta, bisa pesan via gofood dan grabfood, khusus Muah ada di shopeefood juga. https://t.co/asyFdHYHOp",4/5/2021 17:47:07,positif,1
87,"Wilayah Jakarta, bisa pesan via gofood dan grabfood, khusus Muah ada di shopeefood juga. https://t.co/asyFdHYHOp",4/5/2021 17:39:36,positif,1
88,"RT @RacunBelanja: Point Coffee diskon 50%

ð Early Grey Tea (hot) &amp; Mocha (iced) dengan semua metode pembayaran di seluruh outlet Point C",4/5/2021 17:31:01,positif,1
89,"Is it worth the hype? NEW @McDo_PH Taste of Korea K-Burgers! #SaranghaeyoKoTo ✨

Can’t choose between K-Beef or K-C… https://t.co/NZmqb2EyEu",4/5/2021 17:23:31,positif,1
90,@FifiHoshino sinting lu beli sana sendiri lu pikir gua grabfood eh btw sekarang kan serba mudah ada grabfood loh @GrabID ya kan grab,4/5/2021 17:16:37,positif,1
91,"@hg529 Yeap, grabfood",4/5/2021 17:15:30,positif,1
92,"Buto peh grabfood rider, complete order beh tk hantar,call dier abeh kate kat luar beh bile aku check tkde pape, be… https://t.co/DD1LdADA7x",4/5/2021 17:07:39,netral,0
93,RT @hanifjamals: Ada sesiapa yang ada details budak grabfood accident kat area kl area hartamas nak ke lrt masjid jamel sebab ada kereta pr…,4/6/2021 23:57:45,netral,0
94,"RT @LittleIndiaPH: SAMOSA CHAAT
#vegan #vegetarian

Little India offers pure authentic sattvik Indian vegan and vegetarian cuisine.

Please…",4/6/2021 23:57:08,netral,0
95,RT @hanifjamals: Ada sesiapa yang ada details budak grabfood accident kat area kl area hartamas nak ke lrt masjid jamel sebab ada kereta pr…,4/6/2021 23:55:32,netral,0
96,Nasi gudeg telurj bebek monggo yg minat merapat ke jl. Kapten hariyadi no 102 ngaglik. Atau lewat aplikasi.… https://t.co/mkWI4zr0Cy,4/6/2021 23:54:51,positif,1
97,RT @hanifjamals: Ada sesiapa yang ada details budak grabfood accident kat area kl area hartamas nak ke lrt masjid jamel sebab ada kereta pr…,4/6/2021 23:53:33,netral,0
98,RT @hanifjamals: Ada sesiapa yang ada details budak grabfood accident kat area kl area hartamas nak ke lrt masjid jamel sebab ada kereta pr…,4/6/2021 23:51:07,netral,0
99,RT @hanifjamals: Ada sesiapa yang ada details budak grabfood accident kat area kl area hartamas nak ke lrt masjid jamel sebab ada kereta pr…,4/6/2021 23:49:24,netral,0
100,@FOODFESS2 ini kalo beli pake grabfood gtu gmn dh?,4/6/2021 23:48:42,positif,1
101,"SAMOSA CHAAT
#vegan #vegetarian

Little India offers pure authentic sattvik Indian vegan and vegetarian cuisine.

P… https://t.co/TYUjk392n9",4/6/2021 23:47:04,netral,0
102,RT @hanifjamals: Ada sesiapa yang ada details budak grabfood accident kat area kl area hartamas nak ke lrt masjid jamel sebab ada kereta pr…,4/6/2021 23:45:06,netral,0
103,RT @hanifjamals: Ada sesiapa yang ada details budak grabfood accident kat area kl area hartamas nak ke lrt masjid jamel sebab ada kereta pr…,4/6/2021 23:43:57,netral,0
104,"@_itskyleo We've got your cravings covered, KUD ð Get 30% OFF on your favorite Starbucks drinks until April 11. Plu… https://t.co/nLS4uir",4/6/2021 23:43:46,positif,1
105,"RT @grabph: We heard you say promocode juseyo~

Oh, sa mga gusto mag-celebrate diyan ng birthday ng ating best boy Mingyu, use SIGNATURES o…",4/6/2021 23:43:26,positif,1
106,@regregencia We've got your cravings covered ð Get 30% OFF on your favorite Starbucks drinks until April 11. Plus e… https://t.co/jWJbR0r,4/6/2021 23:42:42,positif,1
107,"RT @grabph: Shocks wrong account. Pero pwede naman!ðð¤£

Celebrate Mingyu's birthday today by ordering anything Korean (or spicy ð) v",4/6/2021 23:41:11,positif,1
108,RT @hanifjamals: Ada sesiapa yang ada details budak grabfood accident kat area kl area hartamas nak ke lrt masjid jamel sebab ada kereta pr…,4/6/2021 23:41:05,netral,0
109,"@honeyOhhHH We've got your cravings covered, Honey ð Get 30% OFF on your favorite Starbucks drinks until April 11.… https://t.co/c6wPfaJ",4/6/2021 23:40:52,positif,1
110,RT @hanifjamals: Ada sesiapa yang ada details budak grabfood accident kat area kl area hartamas nak ke lrt masjid jamel sebab ada kereta pr…,4/6/2021 23:39:45,netral,0
111,"@abdulsgrandoter Yea betul tu ✔ Pada masa ini kan, kami membantu para pemandu untuk waktu sukar ini untuk menjana p… https://t.co/MtMGmD9ewJ",4/6/2021 23:36:27,netral,0
112,RT @hanifjamals: Ada sesiapa yang ada details budak grabfood accident kat area kl area hartamas nak ke lrt masjid jamel sebab ada kereta pr…,4/6/2021 23:34:27,netral,0
113,"@nztlakmal Yea betul tu ✔ Pada masa ini kan, kami membantu para pemandu untuk waktu sukar ini untuk menjana pendapa… https://t.co/oQlTZ8COIR",4/6/2021 23:32:46,netral,0
114,"RT @grabph: Shocks wrong account. Pero pwede naman!ðð¤£

Celebrate Mingyu's birthday today by ordering anything Korean (or spicy ð) v",4/6/2021 23:29:12,positif,1
115,"RT @grabph: Shocks wrong account. Pero pwede naman!ðð¤£

Celebrate Mingyu's birthday today by ordering anything Korean (or spicy ð) v",4/6/2021 23:26:52,positif,1
116,"RT @grabph: Shocks wrong account. Pero pwede naman!ðð¤£

Celebrate Mingyu's birthday today by ordering anything Korean (or spicy ð) v",4/6/2021 23:26:13,positif,1
117,"RT @grabph: Shocks wrong account. Pero pwede naman!ðð¤£

Celebrate Mingyu's birthday today by ordering anything Korean (or spicy ð) v",4/6/2021 23:25:54,positif,1
118,RT @hanifjamals: Ada sesiapa yang ada details budak grabfood accident kat area kl area hartamas nak ke lrt masjid jamel sebab ada kereta pr…,4/6/2021 23:25:03,netral,0
119,RT @hanifjamals: Ada sesiapa yang ada details budak grabfood accident kat area kl area hartamas nak ke lrt masjid jamel sebab ada kereta pr…,4/6/2021 23:23:12,netral,0
120,RT @hanifjamals: Ada sesiapa yang ada details budak grabfood accident kat area kl area hartamas nak ke lrt masjid jamel sebab ada kereta pr…,4/6/2021 23:21:13,netral,0
121,RT @hanifjamals: Ada sesiapa yang ada details budak grabfood accident kat area kl area hartamas nak ke lrt masjid jamel sebab ada kereta pr…,4/6/2021 23:15:20,netral,0
122,RT @hanifjamals: Ada sesiapa yang ada details budak grabfood accident kat area kl area hartamas nak ke lrt masjid jamel sebab ada kereta pr…,4/6/2021 23:03:22,netral,0
123,RT @hanifjamals: Ada sesiapa yang ada details budak grabfood accident kat area kl area hartamas nak ke lrt masjid jamel sebab ada kereta pr…,4/6/2021 22:59:28,netral,0
124,"RT @grabph: Shocks wrong account. Pero pwede naman!ðð¤£

Celebrate Mingyu's birthday today by ordering anything Korean (or spicy ð) v",4/6/2021 22:58:29,positif,1
125,RT @hanifjamals: Ada sesiapa yang ada details budak grabfood accident kat area kl area hartamas nak ke lrt masjid jamel sebab ada kereta pr…,4/6/2021 22:55:03,netral,0
126,RT @hanifjamals: Ada sesiapa yang ada details budak grabfood accident kat area kl area hartamas nak ke lrt masjid jamel sebab ada kereta pr…,4/6/2021 22:49:14,netral,0
127,@RX931 #WhenIAmAtMyWorst Tumawag ka na ng GrabFood kasi mas matindi galit ko pag gutom.,4/6/2021 22:48:07,positif,1
128,"RT @anjgrillwestern: Kek baru sampai harini ð¥°. Ad flavor baru yg tgh best seller sekarang, Double Chocolate Cheese Cake. Utk dine 3-6ptg ",4/6/2021 22:45:38,positif,1
129,"Aloha, @nasgortiarbah makassar buka seperti biasa di jam 11, bisa order lewat Tokopedia, WhatsApp 082225611165, GoF… https://t.co/A5TU9FovkB",4/6/2021 22:45:16,positif,1
130,RT @hanifjamals: Ada sesiapa yang ada details budak grabfood accident kat area kl area hartamas nak ke lrt masjid jamel sebab ada kereta pr…,4/6/2021 22:44:35,netral,0
131,RT @DiahRudiyanti: Dapat apresiasi dan review dari Bapak WAGUB @ArizaPatria untuk Sate Bebek Mulyarasa bebek grabfood gofood DM https://t.c…,4/6/2021 22:43:10,positif,1
132,ð Grabfood Schedule ð https://t.co/OzSS,4/6/2021 22:39:50,netral,0
133,Those people na  nagpprank-booking sa grabfood/foodpanda have a special place in hell talaga eh,4/6/2021 22:37:00,negatif,-1
134,RT @hanifjamals: Ada sesiapa yang ada details budak grabfood accident kat area kl area hartamas nak ke lrt masjid jamel sebab ada kereta pr…,4/6/2021 22:28:46,netral,0
135,"RT @grabph: We heard you say promocode juseyo~

Oh, sa mga gusto mag-celebrate diyan ng birthday ng ating best boy Mingyu, use SIGNATURES o…",4/6/2021 22:26:13,positif,1
136,"RT @Giladiskon: Starbucks Promo Spesial GrabFood❗️❗️

harga spesial kemasan 2x1L hanya Rp100ribu khusus hari inið¥³

Info lengkap: https://",4/6/2021 22:21:34,positif,1
137,"RT @Giladiskon: CFC Promo Spesial GrabFood❗️❗️

diskon 35% (maks 50ribu) dengan minimal transaksi 60 ribuð¥³

Info lengkap: https://t.co/ZH",4/6/2021 22:21:25,positif,1
138,Tapi perbezaan antara orang kebulur sebab takde duit dengan orang yang tak cukup duit nak makan is that orang kebul… https://t.co/JDqN4rIsLU,4/7/2021 23:55:23,netral,0
139,"RT @Dartlurhahs: @My_CrimeWatch Aku bukan nak kata apa la kedai melayu, tomyam dia punya servis mmng out. Kalau dah tahu tak ckup tangan na…",4/7/2021 23:46:22,netral,0
140,@Ayuningtyasra18 @ganotmahendra @ssssssssag Kangen grabfood pas praktek hahaha,4/7/2021 23:45:44,positif,1
141,@bangtanboiph I checked sa GrabFood McDo but wala sya. Huhu,4/7/2021 23:43:12,negatif,-1
142,"RT @Nonaberbicara: @txtdarionlshop Perjuangan gaes wkwkwkw

Jadi ada pake jaket grab trus gua tanya pas dia ke kasir: ""bapak grab? Atas nam…",4/7/2021 23:25:42,netral,0
143,RT @grabph: Looking for the hottest food deals this summer? The best promos are waiting for you with GrabFood Daily Deals! ☀️ Enjoy 20% OFF…,4/7/2021 23:20:36,positif,1
144,"RT @Dartlurhahs: @My_CrimeWatch Aku bukan nak kata apa la kedai melayu, tomyam dia punya servis mmng out. Kalau dah tahu tak ckup tangan na…",4/7/2021 23:06:03,netral,0
145,"RT @Dartlurhahs: @My_CrimeWatch Aku bukan nak kata apa la kedai melayu, tomyam dia punya servis mmng out. Kalau dah tahu tak ckup tangan na…",4/7/2021 22:51:38,netral,0
146,"Amazing Value, Exciting Selection only with GrabFood Signatures @grabph https://t.co/7oQ6WXKhaw",4/7/2021 22:30:00,positif,1
147,"RT @jenibeanie13: [MINI GIVEAWAY]

Aku mau bagi bagi voucher Grabfood buat aroha yang uda berjuang streaming ðªðª BIAR KALIAN GA LUPA MA",4/7/2021 21:20:37,positif,1
148,"Hi there! Please lang join kayo dito kung may canceled orders from foodpanda, grabfood, lalamove, angkas. BE AN ORD… https://t.co/Y4VFBk6EkO",4/7/2021 21:19:50,negatif,-1
149,"@annisahbilqis Ga perlu bingung-bingung lagi ya Kak. Pokoknya kalau bulan puasa nanti, #bisalah langsung order sahu… https://t.co/A3ECpE9sJk",4/7/2021 21:14:27,positif,1
150,"Dijamin takkan ada vendor mcm ni dalam GrabFood. Kalau ada, on the spot terminate. https://t.co/JcVVuFEy8r",4/7/2021 20:57:49,positif,1
151,check2 online shopping ngn grabfood yg lebih ð,4/7/2021 20:37:39,positif,1
152,"Amazing Value, Exciting Selection only with GrabFood Signatures @grabph https://t.co/OFUvFSQXim",4/7/2021 20:00:00,positif,1
153,Lele Goreng Crispy Spesial Sambel Seuhah! Lele pilihan yang digoreng dengan tepung bumbu rahasia membuat rasa yang… https://t.co/OJJJeCid4b,4/7/2021 19:44:40,netral,0
154,Promo grabfood jam segini masih bisa ga ya wkwkwkwkwkwk,4/7/2021 19:11:16,positif,1
155,help why did i immediately think these were from grabfood and foodpanda https://t.co/tEQCHnjIzD,4/7/2021 18:51:23,positif,1
156,for fcks sake stop ordering from grabfood/foodpanda riders kung di niyo papanindigan puta hindi biro trabaho nila. konting respeto naman.,4/7/2021 18:50:53,negatif,-1
157,"Kok tbtb pgn grabfood, huf",4/7/2021 18:46:43,positif,1
158,"@dfnsjuni @FFOODFESS Langsung cek grabfood sma gofood aja, beda harga soalnya teteh ð",4/7/2021 18:44:49,positif,1
159,@dfnsjuni @FFOODFESS Cicaheum (sementara cuma bisa gofood sama grabfood) grgr coronce anjayyaniiii ð,4/7/2021 18:40:40,positif,1
160,tangina nyo seryoso anong nakakatawa sa pangpaprank sa mga grabfood drivers??????,4/7/2021 18:24:10,netral,0
161,@d0youlovemee Grabfood ð,4/7/2021 18:22:31,netral,0
162,RT @hanifjamals: Ada sesiapa yang ada details budak grabfood accident kat area kl area hartamas nak ke lrt masjid jamel sebab ada kereta pr…,4/7/2021 18:18:47,netral,0
163,Jadi ini aku grabfood in atau aku yg anter aja cantik? :),4/7/2021 18:16:29,positif,1
164,"RT @Dartlurhahs: @My_CrimeWatch Aku bukan nak kata apa la kedai melayu, tomyam dia punya servis mmng out. Kalau dah tahu tak ckup tangan na…",4/7/2021 18:15:26,netral,0
165,Tetiba nih perut gue keroncongan. Grabfood apaan jam segini allahuuu:(,4/7/2021 18:10:19,positif,1
166,"RT @PapaAis_: Selamat sore
Yuk Cobain Panada Tongkol Kemangi, Panada coklat, Risol, Otak-otak Bandeng istriku @DapurGita_CS Halal &amp; Enak
Gr…",4/7/2021 18:09:34,positif,1
167,post foodpanda/grabfood clarity gotta be the worst feeling ever. you sitting there wondering if $16 for 2 piece chicken was worth it,4/7/2021 17:53:16,negatif,-1
168,si neng ayaw pa bumaba aabot lg naman bayad sa grabfood.,4/7/2021 17:50:08,positif,1
169,Alisin niyo na yung COD sa grabfood @grabph para wala ng mga demonyong nagt-trip sa mga grabfood drivers !!!,4/7/2021 17:43:03,negatif,-1
170,"RT @Dartlurhahs: @My_CrimeWatch Aku bukan nak kata apa la kedai melayu, tomyam dia punya servis mmng out. Kalau dah tahu tak ckup tangan na…",4/7/2021 17:36:10,netral,0
171,grabfood muna.ð,4/7/2021 17:31:58,netral,0
172,"RT @Dartlurhahs: @My_CrimeWatch Aku bukan nak kata apa la kedai melayu, tomyam dia punya servis mmng out. Kalau dah tahu tak ckup tangan na…",4/7/2021 17:31:57,netral,0
173,"RT @Dartlurhahs: @My_CrimeWatch Aku bukan nak kata apa la kedai melayu, tomyam dia punya servis mmng out. Kalau dah tahu tak ckup tangan na…",4/7/2021 17:28:45,netral,0
174,"RT @Dartlurhahs: @My_CrimeWatch Aku bukan nak kata apa la kedai melayu, tomyam dia punya servis mmng out. Kalau dah tahu tak ckup tangan na…",4/7/2021 17:23:59,netral,0
175,"RT @Dartlurhahs: @My_CrimeWatch Aku bukan nak kata apa la kedai melayu, tomyam dia punya servis mmng out. Kalau dah tahu tak ckup tangan na…",4/7/2021 17:22:29,netral,0
176,@jiminikkyu Ayo grabfood kak ..ohhh shopeefood aja diskon 50% xixixixi,4/7/2021 17:18:56,positif,1
177,"RT @Dartlurhahs: @My_CrimeWatch Aku bukan nak kata apa la kedai melayu, tomyam dia punya servis mmng out. Kalau dah tahu tak ckup tangan na…",4/7/2021 17:06:14,netral,0
178,"RT @Dartlurhahs: @My_CrimeWatch Aku bukan nak kata apa la kedai melayu, tomyam dia punya servis mmng out. Kalau dah tahu tak ckup tangan na…",4/7/2021 17:02:53,netral,0
179,"RT @Dartlurhahs: @My_CrimeWatch Aku bukan nak kata apa la kedai melayu, tomyam dia punya servis mmng out. Kalau dah tahu tak ckup tangan na…",4/7/2021 17:01:21,netral,0
180,"kenapa dah --"" dipake aja cuma buat liat promo grabfood, boro2 ngelanggar https://t.co/m272w7pKli",4/7/2021 16:56:36,positif,1
181,"RT @Dartlurhahs: @My_CrimeWatch Aku bukan nak kata apa la kedai melayu, tomyam dia punya servis mmng out. Kalau dah tahu tak ckup tangan na…",4/7/2021 16:55:06,netral,0
182,Tapi pas giliran keluar rumah atau buka grabfood suka kebingungan sendiri:),4/7/2021 16:51:06,positif,1
183,@niahhh Grabfood better,4/8/2021 23:58:59,positif,1
184,"RT @dgwenzyy: anyway order from grabfood signatures, up to 30% off on best sellers plus 100 off when you use the code SIGNATURES mabuhay ph…",4/8/2021 23:57:37,positif,1
185,"Ternampak satu menu kat grabfood

Jasuke.",4/8/2021 23:56:53,positif,1
186,RT @hanifjamals: Ada sesiapa yang ada details budak grabfood accident kat area kl area hartamas nak ke lrt masjid jamel sebab ada kereta pr…,4/8/2021 23:53:26,netral,0
187,"RT @DiahRudiyanti: Bismillah sobat twitland ijin melintas Mulyarasa bebek grabfood gofood DM https://t.co/u9B6M6dQEP
#PewiraUsahaPemula
@Aj…",4/8/2021 23:51:17,positif,1
188,"RT @Dartlurhahs: @My_CrimeWatch Aku bukan nak kata apa la kedai melayu, tomyam dia punya servis mmng out. Kalau dah tahu tak ckup tangan na…",4/8/2021 23:41:26,netral,0
189,"RT @Dartlurhahs: @My_CrimeWatch Aku bukan nak kata apa la kedai melayu, tomyam dia punya servis mmng out. Kalau dah tahu tak ckup tangan na…",4/8/2021 23:28:36,netral,0
190,@aldv666 @FOODFESS2 Sekitar 40-50k per box isi 20. Tergantung beli di tokonya atau beli di ojol (kencana ada di gofood&amp;grabfood),4/8/2021 23:26:24,positif,1
191,"Yang mau sarapan  pagi, Gudeg bu cip jakal sudah buka, ada Bubur, ada nasi gas dilarisi. 
.
#sarapan #sarapanpagi… https://t.co/C89G9QuyFr",4/8/2021 23:24:03,positif,1
192,"@faizaufi Permisi, kak.. Aku numpang jualan ya untuk biaya kuliah ku. Aku jual nasi kotak versi modern. Ada Ebi Fur… https://t.co/5eC6ueBwnx",4/8/2021 23:15:47,netral,0
193,RT @rissyaidrs: grabfood and foodpanda tak boleh masuk sampai dalam kampus katanya sebab close contact dgn rider. tapi ambil the food dekat…,4/8/2021 23:09:12,positif,1
194,"Beat the heat with our Buy 1, Get 1 Promo!

Promo is limited only for Double Chocolate Mint, Mocha Javakula and Jav… https://t.co/7AI4MuIKpS",4/8/2021 23:05:22,positif,1
195,"@sosmedkeras Permisi, kak.. Aku numpang jualan ya untuk biaya kuliah ku. Aku jual nasi kotak versi modern. Ada Ebi… https://t.co/O8D13g5UpX",4/8/2021 23:03:27,netral,0
196,"@jowoshitpost Permisi, kak.. Aku numpang jualan ya untuk biaya kuliah ku. Aku jual nasi kotak versi modern. Ada Ebi… https://t.co/yp1V8z8jG7",4/8/2021 22:59:42,netral,0
197,"RT @DiahRudiyanti: Bismillah sobat twitland ijin melintas Mulyarasa bebek grabfood gofood DM https://t.co/u9B6M6dQEP
#PewiraUsahaPemula
@Aj…",4/8/2021 22:53:47,positif,1
198,"sekarang kita juga buka di Grabfood! Pesan sekarang yukð¥³ #pisangnugget #zonauang

ð(https://t.co/pLaCtzhv5b) https://t.co/Cf7M",4/8/2021 22:13:57,positif,1
199,RT @hanifjamals: Ada sesiapa yang ada details budak grabfood accident kat area kl area hartamas nak ke lrt masjid jamel sebab ada kereta pr…,4/8/2021 22:11:33,netral,0
200,"SKL kase hnnnnnggg...they're on GrabFood too!

Reydi nako kumain ulet! https://t.co/XslErEUOKa",4/8/2021 21:59:38,positif,1
201,"ayu guys manga di coba mudah2 cocok pesan lewat Eh, liat ini deh. ayam geprek seuhah dan endutz thai tea di GoFood.… https://t.co/5n71OdB7s2",4/8/2021 21:54:39,positif,1
202,@anakgemoi pesen grabfood,4/8/2021 21:20:16,positif,1
203,@chimmmrex Grabfood sentiasa di hati.,4/8/2021 21:13:27,positif,1
204,"RT @Dartlurhahs: @My_CrimeWatch Aku bukan nak kata apa la kedai melayu, tomyam dia punya servis mmng out. Kalau dah tahu tak ckup tangan na…",4/8/2021 21:08:57,netral,0
205,"RT @lustfullylxna: Nah karena aku butuh tambahan penghasilan, kalo butuh social media manager, planner atau copywriter (bisa sekadar bikin…",4/8/2021 20:48:03,netral,0
206,"@ftnatiqah Thank you for using GrabFood ð ð 

#staysafe ð https://t.co/1",4/8/2021 20:44:17,positif,1
207,RT @hanifjamals: Ada sesiapa yang ada details budak grabfood accident kat area kl area hartamas nak ke lrt masjid jamel sebab ada kereta pr…,4/8/2021 20:35:18,netral,0
208,"@alyaisam Ramadhan nanti silakan order juadah berbuka puasa dengan GrabFood ✌ð

#staysafe ð https://t.co/B1Z7",4/8/2021 20:30:37,positif,1
209,"@edenhan_ Thanks for using GrabFood ð✌

#staysafe ð https://t.co/7piR",4/8/2021 20:15:53,positif,1
210,"RT @DiahRudiyanti: Assalammualaikum sobat twitland yg baik,yakin Allah yg kirimkan pembelinya, Mulyarasa bebek grabfood gofood DM https://t…",4/9/2021 23:56:24,positif,1
211,"@chocoliqo Biar ribut taufan melanda, 
rider GrabFood selalu sedia. ð
2 aje yang penting: Doakan perjalanan mereka… https://t.co/DLwQHoF",4/9/2021 23:51:48,positif,1
212,"RT @DiahRudiyanti: Assalammualaikum sobat twitland yg baik,yakin Allah yg kirimkan pembelinya, Mulyarasa bebek grabfood gofood DM https://t…",4/9/2021 23:37:38,positif,1
213,"RT @tuubook: @tvindonesiawkwk Padahal semangat isi ovo cuma buat belanja tokped sama grabfood, kalo dibandingin ewallet dana sama gopay leb…",4/9/2021 23:24:31,positif,1
214,"RT @DiahRudiyanti: Assalammualaikum sobat twitland yg baik,yakin Allah yg kirimkan pembelinya, Mulyarasa bebek grabfood gofood DM https://t…",4/9/2021 23:23:01,positif,1
215,"RT @DiahRudiyanti: Assalammualaikum sobat twitland yg baik,yakin Allah yg kirimkan pembelinya, Mulyarasa bebek grabfood gofood DM https://t…",4/9/2021 23:13:38,positif,1
216,"RT @Dartlurhahs: @My_CrimeWatch Aku bukan nak kata apa la kedai melayu, tomyam dia punya servis mmng out. Kalau dah tahu tak ckup tangan na…",4/9/2021 23:10:36,netral,0
217,Nasi Goreng Kampung Mas Joko bisa di pesan di aplikasi GojekGofood &amp; Grabfood https://t.co/36tW4QwfmU,4/9/2021 23:01:33,positif,1
218,"RT @BerburuSale: WINGSTOP | BUY 8 GET 8!

ð️ 9 - 11 April 2021 
Order via GrabFood &amp; GoFood. https://t.co/cFZrJ1W",4/9/2021 22:36:44,positif,1
219,Kedai Ayam Juntay Dasana indah available on gofood and grabfood dgn diskon khusus hingga bonus menu spesial Juntay… https://t.co/iC1SmBcBpd,4/9/2021 22:35:43,positif,1
220,"RT @PapaAis_: Good morning People
Grab your breakfast now!  @DapurGita_CS is open from 7:00 AM. Order Available at: 
Grabfood https://t.co/…",4/9/2021 21:55:19,positif,1
221,"RT @PapaAis_: Good morning People
Grab your breakfast now!  @DapurGita_CS is open from 7:00 AM. Order Available at: 
Grabfood https://t.co/…",4/9/2021 21:55:03,positif,1
222,ð Ending the day with only 3 orders for the night. Worst driver app performance ever. Even after informing the hotl… https://t.co/IBPo4ON,4/9/2021 21:39:58,negatif,-1
223,Singapore GrabFood rider jumps on customer's trampoline in viral video aww how cute! It’s the simple things!!!  https://t.co/W9KvRGYhJs,4/9/2021 21:06:47,positif,1
224,ako lang ba yung gusto itry yung Korean kineme ng mcdo kaso di naman makalabas kase underage tas wala namang foodpa… https://t.co/zwZYKtXB3I,4/9/2021 20:00:18,netral,0
225,"DRs cleared [again]
Grabfood Delivery theme glamour https://t.co/fEIFseDYfr",4/9/2021 19:59:26,positif,1
226,"RT @Jollibee: Looking for the perfect snack today?
 
Order Tuna Pie now through the Jollibee App, https://t.co/jqUf50MZ59, #87000, GrabFood…",4/9/2021 19:45:38,positif,1
227,grabfood bin foodpanda https://t.co/M0Rhl5Wdo5,4/9/2021 19:36:50,netral,0
228,"RT @DiahRudiyanti: Assalammualaikum sobat twitland yg baik,yakin Allah yg kirimkan pembelinya, Mulyarasa bebek grabfood gofood DM https://t…",4/9/2021 19:26:14,positif,1
229,"RT @DiahRudiyanti: Assalammualaikum sobat twitland yg baik,yakin Allah yg kirimkan pembelinya, Mulyarasa bebek grabfood gofood DM https://t…",4/9/2021 19:24:53,positif,1
230,@brietyakarinaa Iya ðð lagi liat liat grabfood eh nemu nasi goreng k,4/9/2021 19:22:07,positif,1
231,"RT @herlanrama: Bismillah ketoprak telor crystal
Ayooo buruan pesan digofood dan grabfood.
Made in urang awak
Tolong bantu rt kanda ðð",4/9/2021 18:56:41,positif,1
232,"Bismillah ketoprak telor crystal
Ayooo buruan pesan digofood dan grabfood.
Made in urang awak
Tolong bantu rt kanda… https://t.co/zcgFTVnJbX",4/9/2021 18:56:15,positif,1
233,pesen grabfood jam sgini serem engk,4/9/2021 18:51:15,positif,1
234,mas grabfood cepet dateng dungssss ð,4/9/2021 18:46:46,positif,1
235,"RT @BerburuSale: WINGSTOP | BUY 8 GET 8!

ð️ 9 - 11 April 2021 
Order via GrabFood &amp; GoFood. https://t.co/cFZrJ1W",4/9/2021 18:36:56,positif,1
236,bigla akong nagcrave ng pizza after maglaro HAHAHAHA. thank you grabfood! ð,4/9/2021 18:34:14,positif,1
237,"RT @BerburuSale: CO.CHOC | BUY 1, GET 1 FREE Signature Dark Chocolate ð¥³

9 - 11 April 2021.
ð Seluruh outlet Co.choc Berlaku pembelia",4/9/2021 18:20:12,positif,1
238,"RT @Dartlurhahs: @My_CrimeWatch Aku bukan nak kata apa la kedai melayu, tomyam dia punya servis mmng out. Kalau dah tahu tak ckup tangan na…",4/9/2021 18:14:27,netral,0
239,@iqbalroman @pamelahapsari_ @mhmddnrali @tvindonesiawkwk dipake jajan di grabfood bisa,4/9/2021 17:58:33,positif,1
240,"RT @tuubook: @tvindonesiawkwk Padahal semangat isi ovo cuma buat belanja tokped sama grabfood, kalo dibandingin ewallet dana sama gopay leb…",4/9/2021 17:46:06,positif,1
241,@sugarplumelegyy Makanya ngausa sedi. Mending makan. Dont be sad go get a grabfood WKWK,4/9/2021 17:25:29,positif,1
242,"@priwtyy ada di grabfood ntahlah, w laper sampe tremor wkwk",4/9/2021 17:24:48,positif,1
243,Gotcha my 1st Transaction via Grabfood thankyou for satisfying my Cravings! Thankyou so much! ❤️ #GrabFood #LolaNena https://t.co/Z8t5Sgi1NK,4/9/2021 17:12:51,positif,1
244,@unyugurlz Di milano grabfood seingetkuu 18k aku beli blm ongkir sistt,4/9/2021 17:10:37,positif,1
245,"Hari besok seperti udah bisa diramal gitu. Bangun kesiangan, cuci muka/mandi, skincare an, sambil bikin minuman ang… https://t.co/VrUfQYzlvK",4/9/2021 17:06:20,netral,0
246,magkakaron ba ako ng motivation kapag umorder ako sa grabfood ng jollibee :),4/9/2021 17:03:50,positif,1
247,"Aku kalo sedih : 
- nangis
- rebahan
- pesen grabfood
- makan
- ketawa-ketawa lagi
- repeat 

ð",4/9/2021 17:02:48,positif,1
248,Masih banyak yg ngemis minta makan/gofood/grabfood ehe ehe ehe https://t.co/ChIMWhluLz,4/9/2021 16:56:44,positif,1
249,"ð It is gd to be a specialist in the area. Not only that you know the highs and lows, you also know the hotspots th… https://t.co/sANu8Py",4/9/2021 16:54:07,netral,0
250,every time i’m hungry i just scroll through my grabfood app and pray someone buys for me something,4/9/2021 16:53:26,positif,1
251,Orang2 pada punya ovo point sam jutaan. Gue ada 20rb langsung pengin grabfood,4/9/2021 16:53:14,positif,1
252,"Drama hari ini, jadi lg grabfood makanan di tempat yg biasa d beli kalo tengah malem karena cm dia yg enak dan buka… https://t.co/Uj1srEMa40",4/9/2021 16:51:20,positif,1
253,RT @BuzzRiderOff: ð¤ Don't tell me abt low demand. Two riders so far come in to my location. Both on stacked orders. Low demand? ð¤ #Gra,4/9/2021 16:44:01,positif,1
254,ð¤ Don't tell me abt low demand. Two riders so far come in to my location. Both on stacked orders. Low demand? ð¤… https://t.co/TxaL,4/9/2021 16:43:57,positif,1
255,dapat kapag madaming order sa mga foodpanda and grabfood dat walang cod putangina niyo mga wala kayong awa sa mga naghahanap buhay,4/9/2021 16:43:19,negatif,-1
256,"@ko2w @mouldie_sep Untuk resto lama 20%, untuk resto baru 12% + 5000. Kalo grabfood resto biasa masih 20%, kecuali… https://t.co/21sheKdO1J",4/10/2021 23:52:12,positif,1
257,"VEGGIE ""CHICKEN"" FRIED RICE
#vegan #vegetarian

Little India offers pure authentic sattvik Indian vegan and vegetar… https://t.co/rQB0VpCVXe",4/10/2021 23:47:45,netral,0
258,klo ini kayanya harus tetep nge grabfood sepagi ini....,4/10/2021 23:45:23,positif,1
259,"Setiap kali order GrabFood or FoodPanda, aku selalu pesan benda gini kepada riders. Lambat pun takpe… ðð https://t.co/afKc",4/10/2021 23:39:43,positif,1
260,"RT @DiahRudiyanti: Menyongsong Ramadhan,siapin makanan praktis Mulyarasa bebek grabfood gofood  https://t.co/u9B6M6dQEP
#PewirausahaPemula…",4/10/2021 23:32:31,positif,1
261,"Ternyata bukan aku aja yg kyk gini yahhð¥² gabisa nyium bau masakan sama sekali otomatis saban hari grabfood terossss, murah rezeki paksuam",4/10/2021 23:26:27,positif,1
262,"RT @Dartlurhahs: @My_CrimeWatch Aku bukan nak kata apa la kedai melayu, tomyam dia punya servis mmng out. Kalau dah tahu tak ckup tangan na…",4/10/2021 23:18:55,netral,0
263,Udah jarang bgt beli makanan pakai gofood/grabfood. Total bayarnya jd ga kira2. Mending samperin langsung resto nya… https://t.co/x6unPae4bB,4/10/2021 23:17:38,negatif,-1
264,@noircaffeine Busyet grabfood jam 2 pagi,4/10/2021 22:49:28,positif,1
265,"Apa iya, GoFood / GrabFood  lebih banyakin beban ke Pembeli + Penjual? Emangnya company ijo-ijon ini gak punya pega… https://t.co/VzG5G8yHzP",4/10/2021 22:47:32,negatif,-1
266,@Dodit_Mulyanto Ha rabi? Pesen grabfood ongkir e 9000 sek mikirr,4/10/2021 22:45:29,negatif,-1
267,@gofoodindonesia sekarang lebih enakan di grabfood,4/10/2021 22:43:00,positif,1
268,RT @dyaax: Grabfood &gt; gofood,4/10/2021 22:28:02,netral,0
269,Promo di grabfood lebih banyak dripda promo di gofood. https://t.co/dnP5JiQB26,4/10/2021 22:18:16,positif,1
270,"RT @pnlmxrx: @riagarindra @ariefghozaly @ShopeeID @txtdarionlshop @txtfrombrand setuju si, mereka ekspansif tapi ya mainnya nggak sehat, ke…",4/10/2021 22:09:54,negatif,-1
271,"RT @Ky0rep: @batrisyaanisah @LilyZali I know there’s plenty stupid people in the pools of social media, but u’re beyond that. Skrg ni fresh…",4/10/2021 22:09:19,netral,0
272,@TVPatrol @fxckindee_ @chiarazambrano Dapat yung tapang na sa paninita ng mga kukuha ng grabfood   yyng tapang ng g… https://t.co/483R5iYSr9,4/10/2021 20:26:04,negatif,-1
273,"Sarap ng Caution Hot sa grabfood. Szechuan noodles at 2nd degree ❤️
Sabi ni @MarcoMasangcay order lang ako para sas… https://t.co/a6yCs51se8",4/10/2021 20:16:16,positif,1
274,gua laper pen masak gas abis bangkeeee grab in gua grabfood napeð,4/10/2021 20:01:04,positif,1
275,"@GrabID .untuk persiapan kru #Bisalah ship selama ramadhan ya banyakin promo di grabfood lah min, itu bantu bgt sih… https://t.co/r96tfzRLvL",4/10/2021 19:59:10,positif,1
276,RT @dyaax: Grabfood &gt; gofood,4/10/2021 19:58:01,netral,0
277,@taannisha TAN EMG ADA TUKU DI GRABFOOD?,4/10/2021 19:51:28,positif,1
278,RT @Mjjjimfineit29: I swear if i've ever made money on $dent i will order grabfood then donate it on people ðð,4/10/2021 19:47:09,positif,1
279,@nagetmmekdi Gofood atau grabfood,4/10/2021 19:39:36,netral,0
280,RT @kookkikkie: กด grabfood มา อยากกินอาหารเกาหลี มาถึงตกใจ ป๊าดด ใหญ่เบิ้มมาก!! กินได้อีกมื้ออ่ะ หมดนี่สามร้อยกว่าบาท คิมบับอันเท่าแขน กิม…,4/10/2021 19:38:02,positif,1
281,I swear if i've ever made money on $dent i will order grabfood then donate it on people ðð,4/10/2021 19:37:45,positif,1
282,"@ko2w Di gofood udah makanannya mahal, ongkirnya apalagi, belom kadang ada tax nyað mending grabf",4/10/2021 19:23:26,positif,1
283,"RT @DiahRudiyanti: Menyongsong Ramadhan,siapin makanan praktis Mulyarasa bebek grabfood gofood  https://t.co/u9B6M6dQEP
#PewirausahaPemula…",4/10/2021 19:16:40,positif,1
284,I spent a good one hour on grabfood only to decide that I’m not going to eat.,4/10/2021 19:12:43,positif,1
285,@panurrr meron sa pque baka abot sa inyo HAHAHAHA pag wala sa foodpanda pweds naman grabfood ganun din naman,4/10/2021 18:56:05,positif,1
286,Grabfood @GrabID jauh lebih bagus dan banyak promo dari Gofood @gofoodindonesia @gojekindonesia https://t.co/8VUJXNvCf8,4/10/2021 18:55:11,positif,1
287,"RT @Dartlurhahs: @My_CrimeWatch Aku bukan nak kata apa la kedai melayu, tomyam dia punya servis mmng out. Kalau dah tahu tak ckup tangan na…",4/10/2021 18:54:31,netral,0
288,"@FOODFESS2 kalo itu enak dan kamu suka, mau berapapun harganya ya pasti keliatan murah. udahsi itu aja ya sebagai p… https://t.co/Dd7zbWRPnP",4/10/2021 18:53:37,netral,0
289,@GrabID Pisinin Ali Endrawan mini sihir piki GrabFood dgn fitir Scheduled Order biir gik ginggi. #Bisalah,4/10/2021 18:50:10,positif,1
290,"Masyarakat Malaysia skrg, mcm tak ada adab. Kesian kt Org Foodpanda/Grabfood, lambat hntar kene tendang, lempang. M… https://t.co/b9hDO6iuNx",4/10/2021 18:34:14,negatif,-1
291,bisa beli kue sendiri trus jadi berasa surprise karena belinya lewat grabfood hahahah tp kurang huuuu kecil. mo beli lagi..,4/10/2021 18:15:30,positif,1
292,"@cheeseeboomb Sudahh,buka aplikasi grabfood langsung pesen mcd ð",4/10/2021 18:08:11,positif,1
293,RT @zwolftenaugust: gofood mahal banget mending grabfood.,4/10/2021 17:56:29,positif,1
294,"kalok nanti uang di dunia ini udah ngga terbentuk kertas, nanti tuyul &amp; babi ngepet nyuri uangnya gimana ya?
emang… https://t.co/dHP79i4m10",4/10/2021 17:53:17,netral,0
295,"@dyanchok_ @ko2w Engga jalan, akhirnya aku pake grabfood yg cuma 3k lah :)",4/10/2021 17:49:59,positif,1
